{"cameraMode":{"drawMode":0,"name":"Shaded","section":"Shading Mode"},"sceneLighting":false,"audioPlay":false,"sceneViewState":{"m_AlwaysRefresh":false,"showFog":true,"showSkybox":false,"showFlares":true,"showImageEffects":true,"showParticleSystems":true,"showVisualEffectGraphs":true,"m_FxEnabled":true},"in2DMode":false,"pivot":{"x":0.3646259903907776,"y":0.17123627662658692,"z":-10.939855575561524},"rotation":{"x":-0.5424678325653076,"y":0.009214255958795548,"z":-0.006176829803735018,"w":-0.8401997089385986},"size":1.413813591003418,"orthographic":false}