{"cameraMode":{"drawMode":0,"name":"Shaded","section":"Shading Mode"},"sceneLighting":false,"audioPlay":false,"sceneViewState":{"m_AlwaysRefresh":false,"showFog":true,"showSkybox":false,"showFlares":true,"showImageEffects":true,"showParticleSystems":true,"showVisualEffectGraphs":true,"m_FxEnabled":true},"in2DMode":false,"pivot":{"x":0.4002487361431122,"y":0.8875404000282288,"z":-11.635563850402832},"rotation":{"x":-0.4080989360809326,"y":-0.006377067882567644,"z":0.0026703805197030308,"w":-0.9130915403366089},"size":1.413813591003418,"orthographic":false}