{"cameraMode":{"drawMode":0,"name":"Shaded","section":"Shading Mode"},"sceneLighting":false,"audioPlay":false,"sceneViewState":{"m_AlwaysRefresh":false,"showFog":true,"showSkybox":false,"showFlares":true,"showImageEffects":true,"showParticleSystems":true,"showVisualEffectGraphs":true,"m_FxEnabled":true},"in2DMode":false,"pivot":{"x":0.03831291198730469,"y":2.6954970359802248,"z":-1.256577968597412},"rotation":{"x":0.5374383926391602,"y":0.002946422202512622,"z":-0.0015198453329503537,"w":0.8434646725654602},"size":3.563354730606079,"orthographic":false}